Year,Temperature,CO2,L_T,L_C,S_demo,coverage_count
2025,1.19,427.35,0.7933333333,0.8309953738,0.8121643536,2

