Year,L_T,L_C,L_S,L_I,S_demo,coverage_count
2024,0.8533333333333334,0.8105506640799881,,,0.8319419987066607,2
